[
    {
        "_id": 1,
        "brand": "Toyota",
        "car_name": "Crown 2023",
        "img": "https://www.toyota.com/imgix/content/dam/toyota/jellies/max/2023/toyotacrown/platinum/4030/2yz/36/5.png?fm=webp&&w=768&h=328&q=90"
    },
    {
        "brand": "Toyota",
        "car_name": "Corola"
    },
    {
        "_id": 2,
        "brand": "Honda",
        "car_name": "Accord",
        "img": "https://global.honda/products/assets/automobiles/img/img-models05.jpg"
    },
    {
        "brand": "Honda",
        "car_name": "City"
    },
    {
        "_id": 3,
        "brand": "Nissan",
        "car_name": "Kicks",
        "img": "https://www.nissanusa.com/content/dam/Nissan/us/vehicles/kicks/vehicle-profile-assets/2023/model-2023-kicks-sr-aspen-white-tricoat.png.ximg.l_3_m.smart.png"
    },
    {
        "brand": "Nissan",
        "car_name": "SUV"
    }
]